Data Provider,Short Name,Version,Entry Title,Processing Level,Platform,Start Time,End Time
"ASF","SENTINEL-1A_SLC","1","SENTINEL-1A_SLC",,"SENTINEL-1A","2014-04-03T00:00:00.000Z",
"ASF","SENTINEL-1A_DP_GRD_HIGH","1","SENTINEL-1A_DUAL_POL_GRD_HIGH_RES",,"SENTINEL-1A","2014-04-03T00:00:00.000Z",
"ASF","SENTINEL-1B_SLC","1","SENTINEL-1B_SLC",,"SENTINEL-1B","2016-04-25T00:00:00.000Z",
"ASF","SENTINEL-1B_DP_GRD_HIGH","1","SENTINEL-1B_DUAL_POL_GRD_HIGH_RES",,"SENTINEL-1B","2016-04-25T00:00:00.000Z",
"ASF","SENTINEL-1A_OCN","1","SENTINEL-1A_OCN",,"SENTINEL-1A","2014-04-03T00:00:00.000Z",
"ASF","SENTINEL-1A_SP_GRD_HIGH","1","SENTINEL-1A_SINGLE_POL_GRD_HIGH_RES",,"SENTINEL-1A","2014-04-03T00:00:00.000Z",
"ASF","SENTINEL-1A_DP_META_GRD_HIGH","1","SENTINEL-1A_DUAL_POL_METADATA_GRD_HIGH_RES",,"SENTINEL-1A","2014-04-03T00:00:00.000Z",
"ASF","ALOS_PSR_RTC_HIGH","1","ALOS_PALSAR_RTC_HIGH_RES","2","ALOS","2006-03-23T16:10:55.000Z","2011-04-22T20:23:36.000Z"
"ASF","SENTINEL-1A_DP_GRD_MEDIUM","1","SENTINEL-1A_DUAL_POL_GRD_MEDIUM_RES",,"SENTINEL-1A","2014-04-03T00:00:00.000Z",
"ASF","SENTINEL-1A_META_SLC","1","SENTINEL-1A_METADATA_SLC",,"SENTINEL-1A","2014-04-03T00:00:00.000Z",
"ASF","UAVSAR_POL_META","1","UAVSAR_POLSAR_METADATA","1","G-III","2008-07-24T21:06:27.000Z",
"ASF","ALOS_PSR_L1.1","1","ALOS_PALSAR_LEVEL1.1",,"ALOS","2006-01-23T00:00:00.000Z","2011-05-23T00:00:00.000Z"
"LAADS","VNP03IMG","2","VIIRS/NPP Imagery Resolution Terrain Corrected Geolocation 6-Min L1 Swath 375 m","1B","Suomi-NPP","2012-01-19T00:00:00.000Z",
"ASF","SENTINEL-1A_RAW","1","SENTINEL-1A_RAW",,"SENTINEL-1A","2014-04-03T00:00:00.000Z",
"ASF","SENTINEL-1B_OCN","1","SENTINEL-1B_OCN",,"SENTINEL-1B","2016-04-25T00:00:00.000Z",
"ASF","SENTINEL-1B_DP_GRD_MEDIUM","1","SENTINEL-1B_DUAL_POL_GRD_MEDIUM_RES",,"SENTINEL-1B","2016-04-25T00:00:00.000Z",
"ASF","ALOS_PSR_L2.2","1","ALOS_PALSAR_LEVEL2.2","2","ALOS","2006-01-23T00:00:00.000Z","2011-05-23T00:00:00.000Z"
"ASF","SENTINEL-1_INTERFEROGRAMS","1","Sentinel-1 Interferograms (BETA)","2","SENTINEL-1A, SENTINEL-1B","2014-06-15T03:44:43.000Z",
"ASF","SENTINEL-1B_SP_GRD_HIGH","1","SENTINEL-1B_SINGLE_POL_GRD_HIGH_RES",,"SENTINEL-1B","2016-04-25T00:00:00.000Z",
"ASF","SENTINEL-1A_META_RAW","1","SENTINEL-1A_METADATA_RAW",,"SENTINEL-1A","2014-04-03T00:00:00.000Z",
"ASF","SENTINEL-1A_SP_GRD_MEDIUM","1","SENTINEL-1A_SINGLE_POL_GRD_MEDIUM_RES",,"SENTINEL-1A","2014-04-03T00:00:00.000Z",
"ASF","SENTINEL-1B_META_SLC","1","SENTINEL-1B_METADATA_SLC",,"SENTINEL-1B","2016-04-25T00:00:00.000Z",
"ASF","SENTINEL-1A_META_OCN","1","SENTINEL-1A_METADATA_OCN",,"SENTINEL-1A","2014-04-03T00:00:00.000Z",
"ASF","SENTINEL-1B_SP_GRD_MEDIUM","1","SENTINEL-1B_SINGLE_POL_GRD_MEDIUM_RES",,"SENTINEL-1B","2016-04-25T00:00:00.000Z",
"ASF","ALOS_PSR_L1.5","1","ALOS_PALSAR_LEVEL1.5","1","ALOS","2006-03-23T16:10:55.000Z","2011-04-22T20:23:36.000Z"
"ASF","ALOS_PSR_RTC_LOW","1","ALOS_PALSAR_RTC_LOW_RES","2","ALOS","2006-03-23T16:10:55.000Z","2011-04-22T20:23:36.000Z"
"ASF","SENTINEL-1A_DP_META_GRD_MEDIUM","1","SENTINEL-1A_DUAL_POL_METADATA_GRD_MEDIUM_RES",,"SENTINEL-1A","2014-04-03T00:00:00.000Z",
"ASF","ALOS_PSR_KMZ","1","ALOS_PALSAR_KMZ","1","ALOS","2006-03-23T16:10:55.000Z","2011-04-22T20:23:36.000Z"
"ASF","SENTINEL-1B_DP_META_GRD_HIGH","1","SENTINEL-1B_DUAL_POL_METADATA_GRD_HIGH_RES",,"SENTINEL-1B","2016-04-25T00:00:00.000Z",
"ASF","SENTINEL-1B_DP_META_GRD_MEDIUM","1","SENTINEL-1B_DUAL_POL_METADATA_GRD_MEDIUM_RES",,"SENTINEL-1B","2016-04-25T00:00:00.000Z",
"ASF","ALOS_PSR_L1.0","1","ALOS_PALSAR_LEVEL1.0","0","ALOS","2006-03-23T16:10:55.000Z","2011-04-22T20:23:36.000Z"
"ASF","SENTINEL-1B_META_RAW","1","SENTINEL-1B_METADATA_RAW",,"SENTINEL-1B","2016-04-25T00:00:00.000Z",
"ASF","SENTINEL-1A_SP_META_GRD_HIGH","1","SENTINEL-1A_SINGLE_POL_METADATA_GRD_HIGH_RES",,"SENTINEL-1A","2014-04-03T00:00:00.000Z",
"ASF","SENTINEL-1A_SP_META_GRD_MEDIUM","1","SENTINEL-1A_SINGLE_POL_METADATA_GRD_MEDIUM_RES",,"SENTINEL-1A","2014-04-03T00:00:00.000Z",
"ASF","SENTINEL-1B_SP_META_GRD_HIGH","1","SENTINEL-1B_SINGLE_POL_METADATA_GRD_HIGH_RES",,"SENTINEL-1B","2016-04-25T00:00:00.000Z",
"ASF","RSAT-1_L1","1","RADARSAT-1_LEVEL1","1","RADARSAT-1","1996-02-01T03:18:56.000Z","2009-03-17T17:34:23.000Z"
"ASF","ERS-2_L0","1","ERS-2_LEVEL0","0","ERS-2","1995-10-01T03:13:03.000Z","2011-07-04T00:23:48.000Z"
"ASF","SENTINEL-1B_SP_META_GRD_MEDIUM","1","SENTINEL-1B_SINGLE_POL_METADATA_GRD_MEDIUM_RES",,"SENTINEL-1B","2016-04-25T00:00:00.000Z",
"ASF","SENTINEL-1B_META_OCN","1","SENTINEL-1B_METADATA_OCN",,"SENTINEL-1B","2016-04-25T00:00:00.000Z",
"ASF","ERS-1_L0","1","ERS-1_LEVEL0","0","ERS-1","1991-08-08T03:18:11.000Z","1997-09-29T15:20:44.000Z"
"ASF","SEASAT_SAR_L1_TIFF","1","SEASAT_SAR_LEVEL1_GEOTIFF","1","SEASAT 1","1978-07-04T12:05:47.000Z","1978-10-11T01:29:10.000Z"
"ASF","JERS-1_L0","1","JERS-1_LEVEL1","1","JERS-1","1992-05-20T18:16:38.000Z","1998-10-11T00:57:08.000Z"
"ASF","ERS-2_L1","1","ERS-2_LEVEL1","1","ERS-2","1995-10-01T03:13:03.000Z","2011-07-04T00:23:48.000Z"
"ASF","RSAT-1_L0","1","RADARSAT-1_LEVEL0","0","RADARSAT-1","1996-02-01T03:18:56.000Z","2009-03-17T17:34:23.000Z"
"ASF","JERS-1_L1","1","JERS-1_LEVEL0","0","JERS-1","1992-05-20T18:16:38.000Z","1998-10-11T00:57:08.000Z"
"ASF","ERS-1_L1","1","ERS-1_LEVEL1","1","ERS-1","1991-08-08T03:18:11.000Z","1997-09-29T15:20:44.000Z"
"ASF","SENTINEL-1B_RAW","1","SENTINEL-1B_RAW",,"SENTINEL-1B","2016-04-25T00:00:00.000Z",
"ASF","UAVSAR_INSAR_INT","1","UAVSAR_INSAR_INTERFEROGRAM","1","G-III","2008-04-28T21:10:16.000Z",
"ASF","UAVSAR_INSAR_META","1","UAVSAR_INSAR_METADATA","1","G-III","2008-04-28T21:10:16.000Z",
"ASF","SEASAT_SAR_L1_HDF5","1","SEASAT_SAR_LEVEL1_HDF5","1","SEASAT 1","1978-07-04T12:05:47.000Z","1978-10-11T01:29:10.000Z"
"GES_DISC","M2TMNXADG","5.12.4","MERRA-2 tavgM_2d_adg_Nx: 2d,Monthly mean,Time-averaged,Single-Level,Assimilation,Aerosol Diagnostics (extended) 0.625 x 0.5 degree V5.12.4 (M2TMNXADG) at GES DISC","4","MERRA-2","1980-01-01T00:00:00.000Z",
"GES_DISC","M2T1NXADG","5.12.4","MERRA-2 tavg1_2d_adg_Nx: 2d,1-Hourly,Time-averaged,Single-Level,Assimilation,Aerosol Diagnostics (extended) 0.625 x 0.5 degree V5.12.4 (M2T1NXADG) at GES DISC","4","MERRA-2","1980-01-01T00:00:00.000Z",
"POCLOUD","GRACEFO_L2_CSR_MONTHLY_0060","6","GRACE-FO Level-2  Monthly Geopotential Spherical Harmonics CSR Release 6.0 (RL06)","2","GRACE-FO","2018-05-22T00:00:00.000Z",
"LAADS","VNP03MOD","2","VIIRS/NPP Moderate Resolution Terrain-Corrected Geolocation L1 6-Min Swath 750 m","1B","Suomi-NPP","2012-01-19T00:00:00.000Z",
"LAADS","VNP03DNB","2","VIIRS/NPP Day/Night Band Terrain Corrected Geolocation L1 6-Min Swath 750 m","1B","Suomi-NPP","2012-01-19T00:00:00.000Z",
"POCLOUD","GRACEFO_L2_JPL_MONTHLY_0060","6","GRACE-FO Level-2  Monthly Geopotential Spherical Harmonics JPL Release 6.0 (RL06)","2","GRACE-FO","2018-05-22T00:00:00.000Z",
"ASF","UAVSAR_POL_ML_CMPLX_GRD","1","UAVSAR_POLSAR_ML_COMPLEX_GRD","1","G-III","2008-07-24T21:06:27.000Z",
"POCLOUD","GRACEFO_L2_GFZ_MONTHLY_0060","6","GRACE-FO Level-2 Monthly Geopotential Spherical Harmonics GFZ Release 6.0 (RL06)","2","GRACE-FO","2018-05-22T00:00:00.000Z",
"ASF","UAVSAR_POL_ML_CMPLX_SLANT","1","UAVSAR_POLSAR_ML_COMPLEX_SLANT","1","G-III","2008-07-24T21:06:27.000Z",
"POCLOUD","GRACEFO_L1B_ASCII_GRAV_JPL_RL04","4","GRACE-FO Level-1B Release version 4.0 from JPL in ASCII","1B","GRACE-FO","2018-05-22T00:00:00.000Z",
"ASF","UAVSAR_POL_KMZ","1","UAVSAR_POLSAR_KMZ","1","G-III","2008-07-24T21:06:27.000Z",
"GES_DISC","M2TUNXADG","5.12.4","MERRA-2 tavgU_2d_adg_Nx: 2d,diurnal,Time-averaged,Single-Level,Assimilation,Aerosol Diagnostics (extended) 0.625 x 0.5 degree V5.12.4 (M2TUNXADG) at GES DISC","4","MERRA-2","1980-01-01T00:00:00.000Z",
"POCLOUD","GRACE_AOD1B_GRAV_GFZ_RL06","6.0","GRACE ATMOSPHERE AND OCEAN DE-ALIASING GFZ RELEASE 6.0","1B","GRACE","1976-01-01T00:00:00.000Z",
"POCLOUD","TELLUS_GRFO_L3_JPL_RL06_LND_v04","04","JPL TELLUS GRACE-FO Level-3 Monthly Land Water-Equivalent-Thickness Surface Mass Anomaly Release 6.0 version 04 in netCDF/ASCII/GeoTIFF Formats","3","GRACE-FO","2018-05-22T00:00:00.000Z",
"ASF","UAVSAR_POL_DEM","1","UAVSAR_POLSAR_DEM","1","G-III","2008-07-24T21:06:27.000Z",
"POCLOUD","TELLUS_GRFO_L3_CSR_RL06_LND_v04","04","CSR TELLUS GRACE-FO Level-3 Monthly Land Water-Equivalent-Thickness Surface Mass Anomaly Release 6.0 version 04 in netCDF/ASCII/GeoTIFF Formats","3","GRACE-FO","2018-05-22T00:00:00.000Z",
"POCLOUD","GRACEFO_L1A_ASCII_GRAV_JPL_RL04","4","GRACE-FO Level-1A Release version 4.0 from JPL in ASCII","1A","GRACE-FO","2018-05-22T00:00:00.000Z",
"POCLOUD","HOMAGE_GGFO_L4_GOMA_Monthly_v01","1.0","GRACE/GRACE-FO Level-4 Monthly Global Ocean Mass Anomaly version 01 from NASA MEaSUREs HOMaGE project","4","GRACE-FO, GRACE","2002-04-17T00:00:00.000Z",
"POCLOUD","GRC-GFO_GRIDDED_AOD1B_JPL_MASCON_RL06","RL06","JPL GRACE/GRACE-FO Gridded-AOD1B Water-Equivalent-Thickness Surface-Mass Anomaly RL06 dataset for Tellus Level-3 mascon 0.5-degree grid","3","GRACE-FO","2002-04-04T00:00:00.000Z",
"ASF","UAVSAR_POL_INC","1","UAVSAR_POLSAR_INCIDENCE","1","G-III","2008-07-24T21:06:27.000Z",
"POCLOUD","GRC-GFO_GRIDDED_AOD1B_JPL_1-DEG_RL06","RL06","JPL GRACE/GRACE-FO Gridded-AOD1B Water-Equivalent-Thickness Surface-Mass Anomaly RL06 dataset for Tellus Level-3 1.0-degree grid","3","GRACE-FO","2002-04-04T00:00:00.000Z",
"POCLOUD","TELLUS_GLDAS-NOAH-3.3_TWS-ANOMALY_MONTHLY","3.3","Monthly gridded Global Land Data Assimilation System (GLDAS) from Noah-v3.3 land hydrology model for GRACE and GRACE-FO over nominal months","3","Noah-LSM","2002-04-04T00:00:00.000Z",
"ASF","UAVSAR_POL_PAULI","1","UAVSAR_POLSAR_PAULI","1","G-III","2008-07-24T21:06:27.000Z",
"POCLOUD","TELLUS_GRFO_L3_CSR_RL06_OCN_v04","04","CSR TELLUS GRACE-FO Level-3 Monthly Ocean Bottom Pressure Anomaly Release 6.0 version 04 in netCDF/ASCII/GeoTIFF Formats","3","GRACE-FO","2018-05-22T00:00:00.000Z",
"POCLOUD","TELLUS_GRFO_L3_GFZ_RL06_LND_v04","04","GFZ TELLUS GRACE-FO Level-3 Monthly Land Water-Equivalent-Thickness Surface Mass Anomaly Release 6.0 version 04 in netCDF/ASCII/GeoTIFF Formats","3","GRACE-FO","2018-05-22T00:00:00.000Z",
"POCLOUD","TELLUS_GRFO_L3_JPL_RL06_OCN_v04","04","JPL TELLUS GRACE-FO Level-3 Monthly Ocean Bottom Pressure Anomaly Release 6.0 version 04 in netCDF/ASCII/GeoTIFF Formats","3","GRACE-FO","2018-05-22T00:00:00.000Z",
"LAADS","VNP03IMG","1","VIIRS/NPP Imagery Resolution Terrain-Corrected Geolocation L1 6-Min Swath 375m","1B","SUOMI-NPP","2012-01-01T00:00:00.000Z",
"ORNL_DAAC","vemap2-annual_rslts_766","1","VEMAP 2: Annual Ecosystem Model Responses to U.S. Climate Change, 1994-2100","4","NOT APPLICABLE","1994-01-01T00:00:00.000Z","2100-12-31T23:59:59.000Z"
"ASF","UAVSAR_INSAR_INT_GRD","1","UAVSAR_INSAR_INTERFEROGRAM_GRD","1","G-III","2008-04-28T21:10:16.000Z",
"POCLOUD","TELLUS_GRFO_L3_GFZ_RL06_OCN_v04","04","GFZ TELLUS GRACE-FO Level-3 Monthly Ocean Bottom Pressure Anomaly Release 6.0 version 04 in netCDF/ASCII/GeoTIFF Formats","3","GRACE-FO","2018-05-22T00:00:00.000Z",
"LAADS","VNP03DNB","1","VIIRS/NPP Day/Night Band Terrain Corrected Geolocation L1 6-Min Swath 750m","1B","Suomi-NPP","2012-01-19T00:00:00.000Z",
"ASF","UAVSAR_POL_ML_CMPLX_GRD_5X5","1","UAVSAR_POLSAR_ML_COMPLEX_GRD_5X5","1","G-III","2008-07-24T21:06:27.000Z",
"ASF","UAVSAR_POL_SLOPE","1","UAVSAR_POLSAR_SLOPE","1","G-III","2008-07-24T21:06:27.000Z",
"ASF","UAVSAR_POL_ML_CMPLX_GRD_3X3","1","UAVSAR_POLSAR_ML_COMPLEX_GRD_3X3","1","G-III","2008-07-24T21:06:27.000Z",
"POCLOUD","TELLUS_GRAC-GRFO_MASCON_CRI_GRID_RL06.1_V3","RL06.1Mv03","JPL GRACE and GRACE-FO Mascon Ocean, Ice, and Hydrology Equivalent Water Height Coastal Resolution Improvement (CRI) Filtered Release 06.1 Version 03","3","GRACE-FO, GRACE","2002-04-04T00:00:00.000Z",
"ASF","UAVSAR_INSAR_KMZ","1","UAVSAR_INSAR_KMZ","1","G-III","2008-04-28T21:10:16.000Z",
"LAADS","VNP03MOD","1","VIIRS/NPP Moderate Resolution Terrain-Corrected Geolocation L1 6-Min Swath 750m","1B","SUOMI-NPP","2012-01-01T00:00:00.000Z",
"ASF","UAVSAR_INSAR_AMP_GRD","1","UAVSAR_INSAR_AMPLITUDE_GRD","1","G-III","2008-04-28T21:10:16.000Z",
"POCLOUD","GRACEFO_L2_CSR_MONTHLY_0061","6.1","GRACE-FO Level-2  Monthly Geopotential Spherical Harmonics CSR Release 6.1 (RL06.1)","2","GRACE-FO","2018-05-22T00:00:00.000Z",
"PODAAC","GRACEFO_L2_CSR_MONTHLY_0061","6.1","GRACE-FO Level-2  Monthly Geopotential Spherical Harmonics CSR Release 6.1 (RL06.1)","2","GRACE-FO","2018-05-22T00:00:00.000Z",
"ORNL_CLOUD","Prudhoe_Bay_ArcSEES_Veg_Plots_1555","1","Arctic Vegetation Plots, Prudhoe Bay ArcSEES Road Study, Lake Colleen, Alaska, 2014","2","FIELD SURVEYS, LABORATORY","2014-08-06T00:00:00.000Z","2014-08-13T23:59:59.000Z"
"ASF","UAVSAR_INSAR_AMP","1","UAVSAR_INSAR_AMPLITUDE","1","G-III","2008-04-28T21:10:16.000Z",
"ORNL_DAAC","geoecology_R1_656","1","Geoecology: County-Level Environmental Data for the United States, 1941-1981","3","COMPUTERS","1941-01-01T00:00:00.000Z","1981-12-31T23:59:59.000Z"
"POCLOUD","GRACEFO_L2_JPL_MONTHLY_0061","6.1","GRACE-FO Level-2  Monthly Geopotential Spherical Harmonics JPL Release 6.1 (RL06.1)","2","GRACE-FO","2018-05-22T00:00:00.000Z",
"PODAAC","GRACEFO_L2_JPL_MONTHLY_0061","6.1","GRACE-FO Level-2  Monthly Geopotential Spherical Harmonics JPL Release 6.1 (RL06.1)","2","GRACE-FO","2018-05-22T00:00:00.000Z",
"POCLOUD","TELLUS_GRAC-GRFO_MASCON_GRID_RL06.1_V3","RL06.1Mv03","JPL GRACE and GRACE-FO Mascon Ocean, Ice, and Hydrology Equivalent Water Height JPL Release 06.1 Version 03","3","GRACE-FO, GRACE","2002-04-04T00:00:00.000Z",
"POCLOUD","GRACEFO_L2_GFZ_MONTHLY_0061","6.1","GRACE-FO Level-2 Monthly Geopotential Spherical Harmonics GFZ Release 6.1 (RL06.1)","2","GRACE-FO","2018-05-22T00:00:00.000Z",
"PODAAC","GRACEFO_L2_GFZ_MONTHLY_0061","6.1","GRACE-FO Level-2 Monthly Geopotential Spherical Harmonics GFZ Release 6.1 (RL06.1)","2","GRACE-FO","2018-05-22T00:00:00.000Z",
"POCLOUD","ANTARCTICA_MASS_TELLUS_MASCON_CRI_TIME_SERIES_RL06.1_V3","RL06.1Mv03","Tellus Level-4 Antarctica Mass Anomaly Time Series from JPL GRACE/GRACE-FO Mascon CRI Filtered Release 06.1 version 03","4","GRACE-FO, GRACE","2002-04-01T00:00:00.000Z",
"ORNL_DAAC","CD08_LEAF_ISOTOPES_MANAUS_1245","1","LBA-ECO CD-08 Leaf Carbon, Nitrogen, LAI, and Isotope Data, Manaus, Brazil: 2001","3","LABORATORY, FIELD INVESTIGATION","2001-08-08T00:00:00.000Z","2001-08-08T23:59:59.000Z"
"ASF","UAVSAR_INSAR_DEM","1","UAVSAR_INSAR_DEM","1","G-III","2008-04-28T21:10:16.000Z",
"NSIDC_ECS","IGCMG1B","1","IceBridge CMG 1A Dynamic Gravity Meter Time-Tagged L1B Vertical Accelerations V001","Level 1B","BT-67","2012-11-13T00:00:00.000Z","2013-01-14T23:59:59.999Z"
"NSIDC_ECS","IMCS31B","2","IceBridge Scintrex CS-3 Cesium Magnetometer L1B Geolocated Magnetic Anomalies V002","Level 1B","P-3B","2013-11-18T00:00:00.000Z","2017-11-25T23:59:59.999Z"
"ASF","SENTINEL-1A_DP_GRD_FULL","1","SENTINEL-1A_DUAL_POL_GRD_FULL_RES",,"SENTINEL-1A","2014-04-03T00:00:00.000Z",
"ORNL_DAAC","CD08_ISOTOPES_BELOWGROUND_1025","1","LBA-ECO CD-08 Carbon Isotopes in Belowground Carbon Pools, Amazonas and Para, Brazil","3","LABORATORY","1992-05-01T00:00:00.000Z","1999-07-05T23:59:59.000Z"
"NSIDC_ECS","IGBGM2","1","IceBridge BGM-3 Gravimeter L2 Geolocated Free Air Anomalies V001","Level 2","BT-67","2009-01-08T00:00:00.000Z","2011-12-21T23:59:59.999Z"
"NSIDC_ECS","IGLGS1B","1","IceBridge LDEO Gravimeter Suite L1B Geolocated Free Air Gravity Anomalies V001","Level 1B","DC-8, G-V, P-3B","2017-03-22T00:00:00.000Z","2019-11-20T23:59:59.999Z"
"ORNL_DAAC","ND01_STREAM_CHEMISTRY_1119","1","LBA-ECO ND-01 Streamwater and Watershed Characteristics, Rondonia, Brazil: 1998-1999","3","FIELD INVESTIGATION","1998-08-02T00:00:00.000Z","1999-01-28T23:59:59.000Z"
"ORNL_DAAC","ND07_15N_LEAVES_SOIL_1121","1","LBA-ECO ND-07 Carbon and Nitrogen in Cerrado Plants and Soils, Brasilia: 1999-2000","3","LABORATORY","1999-12-01T00:00:00.000Z","2000-09-30T23:59:59.000Z"
"POCLOUD","OCEAN_MASS_TELLUS_MASCON_CRI_TIME_SERIES_RL06.1_V3","RL06.1Mv03","Tellus Level-4 Ocean Mass Anomaly Time Series from JPL GRACE/GRACE-FO Mascon CRI Filtered Release 06.1 version 03","4","GRACE-FO, GRACE","2002-04-01T00:00:00.000Z",
"GHRC_DAAC","hs3shis","1","Hurricane and Severe Storm Sentinel (HS3) Scanning High-Resolution Interferometer Sounder (S-HIS) V1","2","GLOBAL HAWK","2011-09-01T13:51:48.000Z","2014-09-30T22:47:12.000Z"
"GHRC_DAAC","uiucsndimpacts","1","Mobile UIUC Soundings IMPACTS V1","2","GROUND STATIONS","2020-01-18T16:00:00.000Z","2022-02-25T14:56:40.000Z"
"CDDIS","CDDIS_DORIS_IDSEOP_product","1","Ground-Based Doppler Orbitography and Radiopositioning Integrated by Satellite (DORIS) Earth Orientation Parameters Time Series Product from NASA CDDIS","2","GROUND-BASED OBSERVATIONS","1992-01-01T00:00:00.000Z",
"CDDIS","CDDIS_DORIS_IDScumulativePositions_product","1","Ground-Based Doppler Orbitography and Radiopositioning Integrated by Satellite (DORIS) Cumulative Station Position Product from NASA CDDIS","2","OSTM/JASON-2, GROUND STATIONS, CRYOSAT-2, SENTINEL-3A, SARAL, HY2-A, JASON-3, ENVISAT, TOPEX/POSEIDON, JASON-1, SPOT-2, SPOT-3, SPOT-4, SPOT-5","1992-01-01T00:00:00.000Z",
"CDDIS","CDDIS_DORIS_IDSdpod_product","1","Ground-Based Doppler Orbitography and Radiopositioning Integrated by Satellite (DORIS) Station Position Product for Precise Orbit Determination from NASA CDDIS","2","OSTM/JASON-2, GROUND STATIONS, CRYOSAT-2, SENTINEL-3A, SARAL, HY2-A, JASON-3, ENVISAT, TOPEX/POSEIDON, JASON-1, SPOT-2, SPOT-3, SPOT-4, SPOT-5","1992-01-01T00:00:00.000Z",
"CDDIS","CDDIS_DORIS_IDSgeocenter_product","1","Ground-Based Doppler Orbitography and Radiopositioning Integrated by Satellite (DORIS) Geocenter Time Series Product from NASA CDDIS","2","OSTM/JASON-2, GROUND STATIONS, CRYOSAT-2, SENTINEL-3A, SARAL, HY2-A, JASON-3, ENVISAT, TOPEX/POSEIDON, JASON-1, SPOT-2, SPOT-3, SPOT-4, SPOT-5, SENTINEL-3B","1992-01-01T00:00:00.000Z",
"CDDIS","CDDIS_DORIS_IDSionosphere_product","1","Ground-Based Doppler Orbitography and Radiopositioning Integrated by Satellite (DORIS) Ionospheric Product from NASA CDDIS","2","GROUND STATIONS, ENVISAT, TOPEX/POSEIDON, JASON-1, SPOT-2, SPOT-4, SPOT-5, SENTINEL-3B","1992-01-01T00:00:00.000Z",
"CDDIS","CDDIS_DORIS_IDSorbit_products","1","Ground-Based Doppler Orbitography by Radiopositioning Integrated on Satellite (DORIS) Satellite Orbit Product from NASA CDDIS","2","OSTM/JASON-2, GROUND STATIONS, CRYOSAT-2, SENTINEL-3A, SARAL, HY2-A, JASON-3, ENVISAT, TOPEX/POSEIDON, JASON-1, SPOT-2, SPOT-3, SPOT-4, SPOT-5, SENTINEL-3B","1992-01-01T00:00:00.000Z",
"CDDIS","CDDIS_DORIS_IDStimeseriesPositions_product","1","Ground-Based Doppler Orbitography by Radiopositioning Integrated on Satellite (DORIS) Station Position Time Series Product from NASA CDDIS","2","OSTM/JASON-2, GROUND STATIONS, CRYOSAT-2, SENTINEL-3A, SARAL, HY2-A, JASON-3, ENVISAT, TOPEX/POSEIDON, JASON-1, SPOT-2, SPOT-3, SPOT-4, SPOT-5","1992-01-01T00:00:00.000Z",
"CDDIS","CDDIS_DORIS_IDSweeklyPositions_product","1","Ground-Based Doppler Orbitography by Radiopositioning Integrated on Satellite (DORIS) Weekly Station Position Product from NASA CDDIS","2","OSTM/JASON-2, GROUND STATIONS, CRYOSAT-2, SENTINEL-3A, SARAL, HY2-A, JASON-3, ENVISAT, TOPEX/POSEIDON, JASON-1, SPOT-2, SPOT-3, SPOT-4, SPOT-5","1992-01-01T00:00:00.000Z",
"CDDIS","CDDIS_DORIS_data_daily","1","Ground-Based Doppler Orbitography by Radiopositioning Integrated on Satellite (DORIS) Data (daily files) from NASA CDDIS","1A","OSTM/JASON-2, GROUND STATIONS, CRYOSAT-2, SENTINEL-3A, SARAL, HY2-A, JASON-3","1992-01-01T00:00:00.000Z",
"CDDIS","CDDIS_DORIS_data_multiday","1","Ground-Based Doppler Orbitography by Radiopositioning Integrated on Satellite (DORIS) Data (multi-day files) from NASA CDDIS","1A","JASON-1, OSTM/JASON-2, SPOT-2, SPOT-3, GROUND STATIONS, SPOT-4, SPOT-5, CRYOSAT-2, ENVISAT, TOPEX/POSEIDON, SARAL, HY2-A, SENTINEL-3B","1992-01-01T00:00:00.000Z",
"CDDIS","CDDIS_DORIS_information","1","Supporting Information for Doppler Orbitography and Radiopositioning Integrated by Satellite (DORIS) Data and Products from NASA CDDIS","NA","OSTM/JASON-2, GROUND STATIONS, CRYOSAT-2, Sentinel-3A, SARAL, HY2-A, JASON-3","1992-01-01T00:00:00.000Z",
"CDDIS","CDDIS_GNSS_IGSACERPFinal_product","1","Global Navigation Satellite System (GNSS) Analysis Center Final Earth Rotation Parameters Product from NASA CDDIS","2","Beidou, Galileo, GLONASS, GPS, GROUND STATIONS, QZSS, IRNSS, SBAS","1992-01-01T00:00:00.000Z",
"CDDIS","CDDIS_GNSS_IGSACIonosphereVTECRapid_product","1","Global Navigation Satellite System (GNSS) Ionosphere Vertical Total Electron Content (VTEC) Analysis Center Rapid Product from NASA CDDIS","2","Beidou, Galileo, GLONASS, GPS, GROUND STATIONS, QZSS, IRNSS, SBAS","1998-01-01T00:00:00.000Z",
"CDDIS","CDDIS_GNSS_IGSACIonosphereVTEC_product","1","Global Navigation Satellite System (GNSS) Ionosphere Vertical Total Electron Content (VTEC) Analysis Center Product from NASA CDDIS","2","Beidou, Galileo, GLONASS, GPS, GROUND STATIONS, QZSS, IRNSS, SBAS","1998-01-01T00:00:00.000Z",
"CDDIS","CDDIS_GNSS_IGSACRFSSCfinal_product","1","Global Navigation Satellite System (GNSS) Final Analysis Center Station Positions/Velocities (no covariance matrix) Product from NASA CDDIS - Cloned","2","Beidou, Galileo, GLONASS, GPS, GROUND STATIONS, QZSS, IRNSS, SBAS","1992-01-01T00:00:00.000Z",
"CDDIS","CDDIS_GNSS_IGSACRFfinal_product","1","Global Navigation Satellite System (GNSS) Analysis Center Final Station Positions/Velocities Product from NASA CDDIS","2","Beidou, Galileo, GLONASS, GPS, GROUND STATIONS, QZSS, IRNSS, SBAS","1992-01-01T00:00:00.000Z",
"CDDIS","CDDIS_GNSS_IGSACclockFinal_product","1","Global Navigation Satellite System (GNSS) Analysis Center Final Clock Product (daily files, generated weekly) from NASA CDDIS","2","Beidou, Galileo, GLONASS, GPS, GROUND STATIONS, QZSS, IRNSS, SBAS","1992-01-01T00:00:00.000Z",
"CDDIS","CDDIS_GNSS_IGSACorbitFinal_product","1","Global Navigation Satellite System (GNSS) Analysis Center Final Orbit Product (daily files, generated weekly) from NASA CDDIS","2","Beidou, Galileo, GLONASS, GPS, GROUND STATIONS, QZSS, IRNSS, SBAS","1992-01-01T00:00:00.000Z",
"CDDIS","CDDIS_GNSS_IGSACsummaryFinal_product","1","Global Navigation Satellite System (GNSS) Analysis Center Final Orbit/Reference Frame Product Summary from NASA CDDIS","2","Beidou, Galileo, GLONASS, GPS, GROUND STATIONS, QZSS, IRNSS, SBAS","1992-01-01T00:00:00.000Z",
"CDDIS","CDDIS_GNSS_IGSCMPsummaryUltraRapid_product","1","Global Navigation Satellite System (GNSS) Ultra-Rapid Orbit/Clock/ERP Product Comparison Summary from NASA CDDIS","2","Beidou, Galileo, GLONASS, GPS, GROUND STATIONS, QZSS, IRNSS, SBAS","1992-01-01T00:00:00.000Z",
"CDDIS","CDDIS_GNSS_IGSDCB_product","1","Ground-Based Global Navigation Satellite System Differential Code Bias Product from NASA CDDIS","2","Beidou, Galileo, GLONASS, GPS, GROUND STATIONS, QZSS, IRNSS, SBAS","1992-01-01T00:00:00.000Z",
"CDDIS","CDDIS_GNSS_IGSERPFinal_product","1","Global Navigation Satellite System (GNSS) Final Earth Rotation Parameters Product from NASA CDDIS","2","Beidou, Galileo, GLONASS, GPS, GROUND STATIONS, QZSS, IRNSS, SBAS","1992-01-01T00:00:00.000Z",
"CDDIS","CDDIS_GNSS_IGSERPRapid_product","1","Global Navigation Satellite System (GNSS) Rapid Earth Rotation Product from NASA CDDIS","2","Beidou, Galileo, GLONASS, GPS, GROUND STATIONS, QZSS, IRNSS, SBAS","1992-01-01T00:00:00.000Z",
"CDDIS","CDDIS_GNSS_IGSERPUltraRapid_product","1","Global Navigation Satellite System (GNSS) Ultra-Rapid Earth Rotation Product from NASA CDDIS","2","Beidou, Galileo, GLONASS, GPS, GROUND STATIONS, QZSS, IRNSS, SBAS","1992-01-01T00:00:00.000Z",
"CDDIS","CDDIS_GNSS_IGSHRIonosphereVTEC_product","1","Global Navigation Satellite System (GNSS) Ionosphere High-Rate Vertical Total Electron Content (VTEC) Product from NASA CDDIS","2","Beidou, Galileo, GLONASS, GPS, GROUND STATIONS, QZSS, IRNSS, SBAS","1998-01-01T00:00:00.000Z",
"CDDIS","CDDIS_GNSS_IGSIonosphereVTECPredicted_product","1","Global Navigation Satellite System (GNSS) Ionosphere Vertical Total Electron Content (VTEC) Predicted Product from NASA CDDIS","2","Beidou, Galileo, GLONASS, GPS, GROUND STATIONS, QZSS, IRNSS, SBAS","1998-01-01T00:00:00.000Z",
"CDDIS","CDDIS_GNSS_IGSIonosphereVTECRapid_product","1","Global Navigation Satellite System (GNSS) Ionosphere Vertical Total Electron Content (VTEC) Rapid Product from NASA CDDIS","2","Beidou, Galileo, GLONASS, GPS, GROUND STATIONS, QZSS, IRNSS, SBAS","1998-01-01T00:00:00.000Z",
"CDDIS","CDDIS_GNSS_IGSIonosphereVTECfinal_product","1","Global Navigation Satellite System (GNSS) Ionosphere Vertical Total Electron Content (VTEC) Final Product from NASA CDDIS","2","Beidou, Galileo, GLONASS, GPS, GROUND STATIONS, QZSS, IRNSS, SBAS","1998-01-01T00:00:00.000Z",
"CDDIS","CDDIS_GNSS_IGSIonosphereVTECflux_product","1","Global Navigation Satellite System (GNSS) Ionosphere Vertical Total Electron Content (VTEC) Fluctuation Measurement Product from NASA CDDIS","2","Beidou, Galileo, GLONASS, GPS, GROUND STATIONS, QZSS, IRNSS, SBAS","2014-01-01T00:00:00.000Z",
"CDDIS","CDDIS_GNSS_IGSIonosphereVTECvalidation_product","1","Global Navigation Satellite System (GNSS) Ionosphere Vertical Total Electron Content (VTEC) Validation Product from NASA CDDIS","2","Beidou, Galileo, GLONASS, GPS, GROUND STATIONS, QZSS, IRNSS, SBAS","1998-01-01T00:00:00.000Z",
"CDDIS","CDDIS_GNSS_IGSMGEX_product","1","Global Navigation Satellite System (GNSS) IGS Multi-GNSS Products from NASA CDDIS","2","Beidou, Galileo, GLONASS, GPS, GROUND STATIONS, QZSS, IRNSS, SBAS","2009-02-01T00:00:00.000Z",
"CDDIS","CDDIS_GNSS_IGSRFResidualsFinal_product","1","Global Navigation Satellite System (GNSS) Final Combined Station Positions/Velocities Residual Product from NASA CDDIS","2","Beidou, Galileo, GLONASS, GPS, GROUND STATIONS, QZSS, IRNSS, SBAS","1992-01-01T00:00:00.000Z",
"CDDIS","CDDIS_GNSS_IGSRFSSCfinal_product","1","Global Navigation Satellite System (GNSS) Final Combined Station Positions/Velocities (no covariance matrix) Product from NASA CDDIS","2","Beidou, Galileo, GLONASS, GPS, GROUND STATIONS, QZSS, IRNSS, SBAS","1992-01-01T00:00:00.000Z",
"CDDIS","CDDIS_GNSS_IGSRFcumlativeFinal_product","1","Global Navigation Satellite System (GNSS) Final Cumulative Combined Station Positions/Velocities Product from NASA CDDIS","2","Beidou, Galileo, GLONASS, GPS, GROUND STATIONS, QZSS, IRNSS, SBAS","1992-01-01T00:00:00.000Z",
"CDDIS","CDDIS_GNSS_IGSRFcumulativeSSCfinal_product","1","Global Navigation Satellite System (GNSS) Final Cumulative Station Positions/Velocities (no covariance matrix) Product from NASA CDDIS","2","Beidou, Galileo, GLONASS, GPS, GROUND STATIONS, QZSS, IRNSS, SBAS","1992-01-01T00:00:00.000Z",
"CDDIS","CDDIS_GNSS_IGSRFfinal_product","1","Global Navigation Satellite System (GNSS) Final Combined Station Positions/Velocities Product from NASA CDDIS","2","Beidou, Galileo, GLONASS, GPS, GROUND STATIONS, QZSS, IRNSS, SBAS","1992-01-01T00:00:00.000Z",
"CDDIS","CDDIS_GNSS_IGSRTClock_product","1","Global Navigation Satellite System (GNSS) IGS Clock Combination Product from Real-Time AC Submissions from NASA CDDIS","2","Beidou, Galileo, GLONASS, GPS, GROUND STATIONS, QZSS, IRNSS, SBAS","2009-02-01T00:00:00.000Z",
"CDDIS","CDDIS_GNSS_IGSRTRapidComparisonSummary_product","1","Global Navigation Satellite System (GNSS) Real-Time and Rapid Orbit and Clock Comparison Summary from NASA CDDIS","2","Beidou, Galileo, GLONASS, GPS, GROUND STATIONS, QZSS, IRNSS, SBAS","2009-02-01T00:00:00.000Z",
"CDDIS","CDDIS_GNSS_IGSRTStreamClock_product","1","Global Navigation Satellite System (GNSS) Decoded Real-Time Clock Solution from IGS Real-Time Product Streams from NASA CDDIS","2","Beidou, Galileo, GLONASS, GPS, GROUND STATIONS, QZSS, IRNSS, SBAS","2009-02-01T00:00:00.000Z",
"CDDIS","CDDIS_GNSS_IGSRTStreamOrbit_product","1","Global Navigation Satellite System (GNSS) Decoded Real-Time Orbit Solution from IGS Real-Time Product Streams from NASA CDDIS","2","Beidou, Galileo, GLONASS, GPS, GROUND STATIONS, QZSS, IRNSS, SBAS","2009-02-01T00:00:00.000Z",
"CDDIS","CDDIS_GNSS_IGSTroposphereZPD_product","2","Global Navigation Satellite System (GNSS) Troposphere Zenith Path Delay (ZPD) product from NASA CDDIS","2","Beidou, Galileo, GLONASS, GPS, GROUND STATIONS, QZSS, IRNSS, SBAS","2000-01-01T00:00:00.000Z",
"CDDIS","CDDIS_GNSS_IGSTroposphereZPDv1_product","1","Global Navigation Satellite System (GNSS) Troposphere Zenith Path Delay (ZPD) product (Version 1) from NASA CDDIS","2","GLONASS, GPS, GROUND STATIONS","1997-01-01T00:00:00.000Z",
"CDDIS","CDDIS_GNSS_IGSclock30Final_product","1","Global Navigation Satellite System (GNSS) Final Clock Product (30 second resolution, daily files, generated weekly) from NASA CDDIS","2","Beidou, Galileo, GLONASS, GPS, GROUND STATIONS, QZSS, IRNSS, SBAS","1992-01-01T00:00:00.000Z",
"CDDIS","CDDIS_GNSS_IGSclock5Final_product","1","Global Navigation Satellite System (GNSS) Final Clock Product (5 minute resolution, daily files, generated weekly) from NASA CDDIS","2","Beidou, Galileo, GLONASS, GPS, GROUND STATIONS, QZSS, IRNSS, SBAS","1992-01-01T00:00:00.000Z",
"CDDIS","CDDIS_GNSS_IGSclockComparisonFinal_product","1","Global Navigation Satellite System (GNSS) Combined Final Clock Solution Comparison Summary Product from NASA CDDIS","2","Beidou, Galileo, GLONASS, GPS, GROUND STATIONS, QZSS, IRNSS, SBAS","1992-01-01T00:00:00.000Z",
"CDDIS","CDDIS_GNSS_IGSclockComparisonRapid_product","1","Global Navigation Satellite System (GNSS) Combined Rapid Clock Solution Comparison Summary Product from NASA CDDIS","2","Beidou, Galileo, GLONASS, GPS, GROUND STATIONS, QZSS, IRNSS, SBAS","1992-01-01T00:00:00.000Z",
"CDDIS","CDDIS_GNSS_IGSclockRapid_product","1","Global Navigation Satellite System (GNSS) Rapid Clock Product (30 second resolution, daily files, generated daily) from NASA CDDIS","2","Beidou, Galileo, GLONASS, GPS, GROUND STATIONS, QZSS, IRNSS, SBAS","1992-01-01T00:00:00.000Z",
"CDDIS","CDDIS_GNSS_IGSorbitFinal_product","1","Global Navigation Satellite System (GNSS) Final Orbit Product (daily files, generated weekly) from NASA CDDIS","2","Beidou, Galileo, GLONASS, GPS, GROUND STATIONS, QZSS, IRNSS, SBAS","1992-01-01T00:00:00.000Z",
"CDDIS","CDDIS_GNSS_IGSorbitRapid_product","1","Global Navigation Satellite System (GNSS) Rapid Orbit Product (daily files, generated daily) from NASA CDDIS","2","Beidou, Galileo, GLONASS, GPS, GROUND STATIONS, QZSS, IRNSS, SBAS","1992-01-01T00:00:00.000Z",
"CDDIS","CDDIS_GNSS_IGSorbitUltraRapid_product","1","Global Navigation Satellite System (GNSS) Ultra-Rapid Orbit Product (sub-daily files, generated 4 times/day) from NASA CDDIS","2","Beidou, Galileo, GLONASS, GPS, GROUND STATIONS, QZSS, IRNSS, SBAS","1992-01-01T00:00:00.000Z",
"CDDIS","CDDIS_GNSS_IGSsummaryFinal_product","1","Global Navigation Satellite System (GNSS) Final Orbit/Reference Frame Product Summary from NASA CDDIS","2","Beidou, Galileo, GLONASS, GPS, GROUND STATIONS, QZSS, IRNSS, SBAS","1992-01-01T00:00:00.000Z",
"CDDIS","CDDIS_GNSS_IGSsummaryRapid_product","1","Global Navigation Satellite System (GNSS) Rapid Orbit/Clock/ERP Product Summary from NASA CDDIS","2","Beidou, Galileo, GLONASS, GPS, GROUND STATIONS, QZSS, IRNSS, SBAS","1992-01-01T00:00:00.000Z",
"CDDIS","CDDIS_GNSS_IGSsummaryUltraRapid_product","1","Global Navigation Satellite System (GNSS) Ultra-Rapid Orbit/Clock/ERP Product Summary from NASA CDDIS","2","Beidou, Galileo, GLONASS, GPS, GROUND STATIONS, QZSS, IRNSS, SBAS","1992-01-01T00:00:00.000Z",
"CDDIS","CDDIS_GNSS_daily_data","1","Ground-Based Global Navigation Satellite System Data (30-second sampling, 24 hour files) from NASA CDDIS","1","Beidou, Galileo, GLONASS, GPS, GROUND STATIONS, QZSS, IRNSS","1992-01-01T00:00:00.000Z",
"CDDIS","CDDIS_GNSS_daily_data_beidounav","1","Ground-Based Global Navigation Satellite System (GNSS) Beidou Broadcast Ephemeris Data (daily files) from NASA CDDIS","1A","Beidou, GROUND STATIONS","1992-01-01T00:00:00.000Z",
"CDDIS","CDDIS_GNSS_daily_data_combinednav","1","Ground-Based Global Navigation Satellite System Combined Broadcast Ephemeris Data (daily files) from NASA CDDIS","1A","Beidou, Galileo, GLONASS, GPS, GROUND STATIONS, QZSS, IRNSS, SBAS","1992-01-01T00:00:00.000Z",
"CDDIS","CDDIS_GNSS_daily_data_compactobs","1","Ground-Based Global Navigation Satellite System (GNSS) Compact Observation Data (30-second sampling, daily, 24 hour files) from NASA CDDIS","1A","Beidou, Galileo, GLONASS, GPS, GROUND STATIONS, QZSS, IRNSS, SBAS","1992-01-01T00:00:00.000Z",
"CDDIS","CDDIS_GNSS_daily_data_galileonav","1","Ground-Based Global Navigation Satellite System (GNSS) Galileo Broadcast Ephemeris Data (daily files) from NASA CDDIS","1A","Galileo, GROUND STATIONS","1992-01-01T00:00:00.000Z",
"CDDIS","CDDIS_GNSS_daily_data_glonassnav","1","Ground-Based Global Navigation Satellite System (GNSS) GLONASS Broadcast Ephemeris Data (daily files) from NASA CDDIS","1A","GLONASS, GROUND STATIONS","1992-01-01T00:00:00.000Z",
"CDDIS","CDDIS_GNSS_daily_data_gpsnav","1","Ground-Based Global Navigation Satellite System (GNSS) GPS Broadcast Ephemeris Data (daily files) from NASA CDDIS","1A","GPS, GROUND STATIONS","1992-01-01T00:00:00.000Z",
"CDDIS","CDDIS_GNSS_daily_data_irnssnav","1","Ground-Based Global Navigation Satellite System (GNSS) IRNSS Broadcast Ephemeris Data (daily files) from NASA CDDIS","1A","IRNSS, GROUND STATIONS","1992-01-01T00:00:00.000Z",
"CDDIS","CDDIS_GNSS_daily_data_met","1","Ground-Based Meteorological Data (daily, 24 hour files) from Co-Located Global Navigation Satellite System (GNSS) Receivers from NASA CDDIS","1A","Beidou, Galileo, GLONASS, GPS, GROUND STATIONS, QZSS, IRNSS, SBAS","1992-01-01T00:00:00.000Z",
"CDDIS","CDDIS_GNSS_daily_data_mixednav","1","Ground-Based Global Navigation Satellite System Mixed Broadcast Ephemeris Data (daily files) from NASA CDDIS","1A","Beidou, Galileo, GLONASS, GPS, GROUND STATIONS, QZSS, IRNSS, SBAS","1992-01-01T00:00:00.000Z",
"CDDIS","CDDIS_GNSS_daily_data_obs","1","Ground-Based Global Navigation Satellite System (GNSS) Observation Data (30-second sampling, daily, 24 hour files) from NASA CDDIS","1A","Beidou, Galileo, GLONASS, GPS, GROUND STATIONS, QZSS, IRNSS, SBAS","1992-01-01T00:00:00.000Z",
"CDDIS","CDDIS_GNSS_daily_data_qzssnav","1","Ground-Based Global Navigation Satellite System (GNSS) QZSS Broadcast Ephemeris Data (daily files) from NASA CDDIS","1A","QZSS, GROUND STATIONS","1992-01-01T00:00:00.000Z",
"CDDIS","CDDIS_GNSS_daily_data_sbasnav","1","Ground-Based Global Navigation Satellite System (GNSS) SBAS Broadcast Ephemeris Data (daily files) from NASA CDDIS","1A","SBAS, GROUND STATIONS","1992-01-01T00:00:00.000Z",
"CDDIS","CDDIS_GNSS_daily_data_sum","1","Ground-Based Global Navigation Satellite System Observation Summary Data (30-second sampling, daily files) from NASA CDDIS","1A","Beidou, Galileo, GLONASS, GPS, GROUND STATIONS, QZSS, IRNSS, SBAS","1992-01-01T00:00:00.000Z",
"CDDIS","CDDIS_GNSS_highrate_data_beidounav","1","Ground-Based Global Navigation Satellite System (GNSS) Beidou Broadcast Ephemeris Data (sub-hourly files) from NASA CDDIS","1A","Beidou, GROUND STATIONS","1992-01-01T00:00:00.000Z",
"CDDIS","CDDIS_GNSS_highrate_data_compactobs","1","Ground-Based Global Navigation Satellite System (GNSS) Compact Observation Data (1-second sampling, sub-hourly files) from NASA CDDIS","1A","Beidou, Galileo, GLONASS, GPS, GROUND STATIONS, QZSS, IRNSS, SBAS","1992-01-01T00:00:00.000Z",
"CDDIS","CDDIS_GNSS_highrate_data_galileonav","1","Ground-Based Global Navigation Satellite System (GNSS) Galileo Broadcast Ephemeris Data (sub-hourly files) from NASA CDDIS","1A","Galileo, GROUND STATIONS","1992-01-01T00:00:00.000Z",
"CDDIS","CDDIS_GNSS_highrate_data_glonassnav","1","Ground-Based Global Navigation Satellite System (GNSS) GLONASS Broadcast Ephemeris Data (sub-hourly files) from NASA CDDIS","1A","GLONASS, GROUND STATIONS","1992-01-01T00:00:00.000Z",
"CDDIS","CDDIS_GNSS_highrate_data_gpsnav","1","Ground-Based Global Navigation Satellite System (GNSS) GPS Broadcast Ephemeris Data (sub-hourly files) from NASA CDDIS","1A","GPS, GROUND STATIONS","1992-01-01T00:00:00.000Z",
"CDDIS","CDDIS_GNSS_highrate_data_met","1","Ground-Based Meteorological Data (sub-hourly files) from Co-Located Global Navigation Satellite System (GNSS) Receivers from NASA CDDIS","1A","Beidou, Galileo, GLONASS, GPS, GROUND STATIONS, QZSS, IRNSS, SBAS","1992-01-01T00:00:00.000Z",
"CDDIS","CDDIS_GNSS_highrate_data_mixednav","1","Ground-Based Global Navigation Satellite System Mixed Broadcast Ephemeris Data (sub-hourly files) from NASA CDDIS","1A","Beidou, Galileo, GLONASS, GPS, GROUND STATIONS, QZSS, IRNSS, SBAS","1992-01-01T00:00:00.000Z",
"CDDIS","CDDIS_GNSS_highrate_data_obs","1","Ground-Based Global Navigation Satellite System (GNSS) Observation Data (1-second sampling, sub-hourly files) from NASA CDDIS","1A","Beidou, Galileo, GLONASS, GPS, GROUND STATIONS, QZSS, IRNSS, SBAS","1992-01-01T00:00:00.000Z",
"CDDIS","CDDIS_GNSS_highrate_data_qzssnav","1","Ground-Based Global Navigation Satellite System (GNSS) QZSS Broadcast Ephemeris Data (sub-hourly files) from NASA CDDIS","1A","QZSS, GROUND STATIONS","1992-01-01T00:00:00.000Z",
"CDDIS","CDDIS_GNSS_highrate_data_sbasnav","1","Ground-Based Global Navigation Satellite System (GNSS) SBAS Broadcast Ephemeris Data (sub-hourly files) from NASA CDDIS","1A","SBAS, GROUND STATIONS","1992-01-01T00:00:00.000Z",
"CDDIS","CDDIS_GNSS_hourly_data","1","Ground-Based Global Navigation Satellite System Data (30-second sampling, 1 hour files) from NASA CDDIS","Level 1","BEIDOU, GALILEO, GLONASS, GPS, GROUND STATIONS, QZSS, IRNSS","2005-10-07T00:00:00.000Z",
"CDDIS","CDDIS_GNSS_hourly_data_beidounav","1","Ground-Based Global Navigation Satellite System (GNSS) Beidou Broadcast Ephemeris Data (hourly files) from NASA CDDIS","1A","Beidou, GROUND STATIONS","1992-01-01T00:00:00.000Z",
"CDDIS","CDDIS_GNSS_hourly_data_combinednav","1","Ground-Based Global Navigation Satellite System (GNSS) Combined Broadcast Ephemeris Data (hourly files) from NASA CDDIS","1A","Beidou, Galileo, GLONASS, GPS, GROUND STATIONS, QZSS, IRNSS, SBAS","1992-01-01T00:00:00.000Z",
"CDDIS","CDDIS_GNSS_hourly_data_compactobs","1","Ground-Based Global Navigation Satellite System (GNSS) Compact Observation Data (30-second sampling, hourly files) from NASA CDDIS","1A","Beidou, Galileo, GLONASS, GPS, GROUND STATIONS, QZSS, IRNSS, SBAS","1992-01-01T00:00:00.000Z",
"CDDIS","CDDIS_GNSS_hourly_data_galileonav","1","Ground-Based Global Navigation Satellite System (GNSS) Galileo Broadcast Ephemeris Data (hourly files) from NASA CDDIS","1A","Galileo, GROUND STATIONS","1992-01-01T00:00:00.000Z",
"CDDIS","CDDIS_GNSS_hourly_data_glonassnav","1","Ground-Based Global Navigation Satellite System (GNSS) GLONASS Broadcast Ephemeris Data (hourly files) from NASA CDDIS","1A","GLONASS, GROUND STATIONS","1992-01-01T00:00:00.000Z",
"CDDIS","CDDIS_GNSS_hourly_data_gpsnav","1","Ground-Based Global Navigation Satellite System (GNSS) GPS Broadcast Ephemeris Data (hourly files) from NASA CDDIS","1A","GPS, GROUND STATIONS","1992-01-01T00:00:00.000Z",
"CDDIS","CDDIS_GNSS_hourly_data_irnssnav","1","Ground-Based Global Navigation Satellite System (GNSS) IRNSS Broadcast Ephemeris Data (hourly files) from NASA CDDIS","1A","IRNSS, GROUND STATIONS","1992-01-01T00:00:00.000Z",
"CDDIS","CDDIS_GNSS_hourly_data_met","1","Ground-Based Meteorological Data (hourly files) from Co-Located Global Navigation Satellite System (GNSS) Receivers from NASA CDDIS","1A","Beidou, Galileo, GLONASS, GPS, GROUND STATIONS, QZSS, IRNSS, SBAS","1992-01-01T00:00:00.000Z",
"CDDIS","CDDIS_GNSS_hourly_data_mixednav","1","Ground-Based Global Navigation Satellite System (GNSS) Mixed Broadcast Ephemeris Data (hourly files) from NASA CDDIS","1A","Beidou, Galileo, GLONASS, GPS, GROUND STATIONS, QZSS, IRNSS, SBAS","1992-01-01T00:00:00.000Z",
"CDDIS","CDDIS_GNSS_hourly_data_obs","1","Ground-Based Global Navigation Satellite System (GNSS) Observation Data (30-second sampling, hourly files) from NASA CDDIS","1A","Beidou, Galileo, GLONASS, GPS, GROUND STATIONS, QZSS, IRNSS, SBAS","1992-01-01T00:00:00.000Z",
"CDDIS","CDDIS_GNSS_hourly_data_qzssnav","1","Ground-Based Global Navigation Satellite System (GNSS) QZSS Broadcast Ephemeris Data (hourly files) from NASA CDDIS","1A","QZSS, GROUND STATIONS","1992-01-01T00:00:00.000Z",
"CDDIS","CDDIS_GNSS_hourly_data_sbasnav","1","Ground-Based Global Navigation Satellite System (GNSS) SBAS Broadcast Ephemeris Data (hourly files) from NASA CDDIS","1A","SBAS, GROUND STATIONS","1992-01-01T00:00:00.000Z",
"CDDIS","CDDIS_GNSS_information","1","Supporting Information for Global Navigation Satellite System (GNSS) Data and Products from NASA CDDIS","NA","Beidou, Galileo, GLONASS, GPS, GROUND STATIONS, QZSS, IRNSS, SBAS","1992-01-01T00:00:00.000Z",
"CDDIS","CDDIS_IERSrspcEOP_product","1","EOP products from the IERS Rapid Service/Prediction Center at USNO (updated sub-daily) made available from NASA CDDIS","2","SATELLITES","1973-01-01T00:00:00.000Z",
"CDDIS","CDDIS_SLR_ILRSorbitAC_product","1","Satellite Laser Ranging (SLR) AC Orbit Product (daily files, generated weekly) from NASA CDDIS","2","LAGEOS-1, LAGEOS-2, ETALON-1, ETALON-2, GROUND STATIONS","2016-01-01T00:00:00.000Z",
"CDDIS","CDDIS_SLR_ILRSorbitFinal_product","1","Satellite Laser Ranging (SLR) Final Orbit Product (daily files, generated weekly) from NASA CDDIS","2","LAGEOS-1, LAGEOS-2, ETALON-1, ETALON-2, GROUND STATIONS","2016-01-01T00:00:00.000Z",
"CDDIS","CDDIS_SLR_ILRSpositionERPAC_product","1","Satellite Laser Ranging (SLR) AC Station Position and ERP Product (daily files, generated daily) from NASA CDDIS","2","LAGEOS-1, LAGEOS-2, ETALON-1, ETALON-2, GROUND STATIONS","1976-05-16T00:00:00.000Z",
"CDDIS","CDDIS_SLR_ILRSpositionERPFinal_product","1","Satellite Laser Ranging (SLR) Final Station Position and ERP Product (daily files, generated daily) from NASA CDDIS","2","LAGEOS-1, LAGEOS-2, ETALON-1, ETALON-2, GROUND STATIONS","1976-05-16T00:00:00.000Z",
"CDDIS","CDDIS_SLR_ILRSpredictedOrbit_product","1","Satellite Laser Ranging (SLR) Predicted Orbit Product from NASA CDDIS","1","LAGEOS-1, LAGEOS-2, ETALON-1, ETALON-2, GROUND STATIONS","1988-01-01T00:00:00.000Z",
"CDDIS","CDDIS_SLR_data_daily_fr","1","Ground-Based Satellite Laser Ranging (SLR) Observation Data (full-rate, daily, 24 hour files) from NASA CDDIS","1","LAGEOS-1, LAGEOS-2, ETALON-1, ETALON-2, GROUND STATIONS, AJISAI, STARLETTE, STELLA, Galileo, GLONASS, Beidou, IRNSS, QZSS, LARES","1976-01-01T00:00:00.000Z",
"CDDIS","CDDIS_SLR_data_daily_npt","1","Ground-Based Satellite Laser Ranging (SLR) Observation Data (normal points, daily, 24 hour files) from NASA CDDIS","1","LAGEOS-1, LAGEOS-2, ETALON-1, ETALON-2, GROUND STATIONS, AJISAI, STARLETTE, STELLA, Galileo, GLONASS, Beidou, IRNSS, QZSS, LARES","2016-01-01T00:00:00.000Z",
"CDDIS","CDDIS_SLR_data_hourly_npt","1","Ground-Based Satellite Laser Ranging (SLR) Observation Data (normal points, hourly files) from NASA CDDIS","1","LAGEOS-1, LAGEOS-2, ETALON-1, ETALON-2, GROUND STATIONS, AJISAI, STARLETTE, STELLA, Galileo, GLONASS, Beidou, IRNSS, QZSS, LARES","2010-01-01T00:00:00.000Z",
"CDDIS","CDDIS_SLR_data_monthly_fr","1","Ground-Based Satellite Laser Ranging (SLR) Observation Data (full-rate, monthly files) from NASA CDDIS","1","LAGEOS-1, LAGEOS-2, ETALON-1, ETALON-2, GROUND STATIONS, AJISAI, STARLETTE, STELLA, Galileo, GLONASS, Beidou, IRNSS, QZSS, LARES","1976-01-01T00:00:00.000Z",
"CDDIS","CDDIS_SLR_data_monthly_npt","1","Ground-Based Satellite Laser Ranging (SLR) Observation Data (normal points, monthly files) from NASA CDDIS","1","LAGEOS-1, LAGEOS-2, ETALON-1, ETALON-2, GROUND STATIONS, AJISAI, STARLETTE, STELLA, Galileo, GLONASS, Beidou, IRNSS, QZSS, LARES","1982-01-01T00:00:00.000Z",
"CDDIS","CDDIS_SLR_data_monthlysum_npt","1","Ground-Based Satellite Laser Ranging (SLR) Observation Data Summary (normal points, monthly files) from NASA CDDIS","1","LAGEOS-1, LAGEOS-2, ETALON-1, ETALON-2, GROUND STATIONS, AJISAI, STARLETTE, STELLA, Galileo, GLONASS, Beidou, IRNSS, QZSS, LARES","1982-01-01T00:00:00.000Z",
"CDDIS","CDDIS_VLBI_information","1","Supporting Information for Very Long Baseline Interferometry (VLBI) Data and Products from NASA CDDIS","NA","GROUND STATIONS","1979-01-01T00:00:00.000Z",
"CDDIS","CDDIS_VLBI_products_eop","1","CDDIS_VLBI_products_eop","2","GROUND-BASED OBSERVATIONS","2000-01-01T00:00:00.000Z",
"SEDAC","CIESIN_SEDAC_CD_MAPS_BIBDB","1.00","China Dimensions Data Collection: China Maps Bibliographic Database","2","MODELS","1765-01-01T00:00:00.000Z","1994-12-31T00:00:00.000Z"
"ORNL_CLOUD","DeltaX_Feldspar_Sediment_V2_2079","2","Delta-X: Feldspar Sediment Accretion Measurements, MRD, LA, USA, 2019-2021, Version 2","3","FIELD SURVEYS","2019-10-04T00:00:00.000Z","2021-10-06T23:59:59.000Z"
"ORNL_CLOUD","DeltaX_Turbidity_Data_V3_2113","3","Delta-X: Turbidity, Water and Air Pressure, Temperature, MRD, Louisiana, 2021, V3","3","FIELD INVESTIGATION","2021-03-24T00:00:00.000Z","2021-08-27T23:59:59.000Z"
"LARC_ASDC","FIRE_AX_ECMWF_DIAG","1","First ISCCP Regional Experiment (FIRE) Atlantic Stratocumulus Transition Experiment (ASTEX) ECMWF Diagnostics","4","Models/Analyses","1992-06-01T00:00:00.000Z","1992-06-28T23:59:59.999Z"
"PODAAC","GRACE_GAA_L2_GRAV_GFZ_RL06","6.0","GRACE NON-TIDAL ATMOSPHERE GEOPOTENTIAL COEFFICIENTS GFZ RELEASE 6.0 GAA","2","GRACE","2002-04-05T00:00:00.000Z","2017-07-01T00:00:00.000Z"
"POCLOUD","GRACE_GAA_L2_GRAV_GFZ_RL06","6.0","GRACE NON-TIDAL ATMOSPHERE GEOPOTENTIAL COEFFICIENTS GFZ RELEASE 6.0 GAA","2","GRACE","2002-04-05T00:00:00.000Z","2017-07-01T00:00:00.000Z"
"PODAAC","GRACE_GAA_L2_GRAV_JPL_RL06","6.0","GRACE NON-TIDAL ATMOSPHERE GEOPOTENTIAL COEFFICIENTS JPL RELEASE 6.0 GAA","2","GRACE","2002-04-04T00:00:00.000Z","2017-06-30T00:00:00.000Z"
"POCLOUD","GRACE_GAA_L2_GRAV_JPL_RL06","6.0","GRACE NON-TIDAL ATMOSPHERE GEOPOTENTIAL COEFFICIENTS JPL RELEASE 6.0 GAA","2","GRACE","2002-04-04T00:00:00.000Z","2017-06-30T00:00:00.000Z"
"PODAAC","GRACE_GAB_L2_GRAV_GFZ_RL06","6.0","GRACE NON-TIDAL OCEAN GEOPOTENTIAL COEFFICIENTS GFZ RELEASE 6.0 GAB","2","GRACE","2002-04-05T00:00:00.000Z","2017-07-01T00:00:00.000Z"
"POCLOUD","GRACE_GAB_L2_GRAV_GFZ_RL06","6.0","GRACE NON-TIDAL OCEAN GEOPOTENTIAL COEFFICIENTS GFZ RELEASE 6.0 GAB","2","GRACE","2002-04-05T00:00:00.000Z","2017-07-01T00:00:00.000Z"
"PODAAC","GRACE_GAB_L2_GRAV_JPL_RL06","6.0","GRACE NON-TIDAL OCEAN GEOPOTENTIAL COEFFICIENTS JPL RELEASE 6.0 GAB","2","GRACE","2002-04-04T00:00:00.000Z","2017-06-30T00:00:00.000Z"
"POCLOUD","GRACE_GAB_L2_GRAV_JPL_RL06","6.0","GRACE NON-TIDAL OCEAN GEOPOTENTIAL COEFFICIENTS JPL RELEASE 6.0 GAB","2","GRACE","2002-04-04T00:00:00.000Z","2017-06-30T00:00:00.000Z"
"PODAAC","GRACE_GAC_L2_GRAV_CSR_RL06","6.0","GRACE NON-TIDAL ATMOSPHERE AND OCEAN GEOPOTENTIAL COEFFICIENTS CSR RELEASE 6.0 GAC","2","GRACE","2002-04-05T00:00:00.000Z","2017-06-30T00:00:00.000Z"
"POCLOUD","GRACE_GAC_L2_GRAV_CSR_RL06","6.0","GRACE NON-TIDAL ATMOSPHERE AND OCEAN GEOPOTENTIAL COEFFICIENTS CSR RELEASE 6.0 GAC","2","GRACE","2002-04-05T00:00:00.000Z","2017-06-30T00:00:00.000Z"
"PODAAC","GRACE_GAC_L2_GRAV_GFZ_RL06","6.0","GRACE NON-TIDAL ATMOSPHERE AND OCEAN GEOPOTENTIAL COEFFICIENTS GFZ RELEASE 6.0 GAC","2","GRACE","2002-04-05T00:00:00.000Z","2017-07-01T00:00:00.000Z"
"POCLOUD","GRACE_GAC_L2_GRAV_GFZ_RL06","6.0","GRACE NON-TIDAL ATMOSPHERE AND OCEAN GEOPOTENTIAL COEFFICIENTS GFZ RELEASE 6.0 GAC","2","GRACE","2002-04-05T00:00:00.000Z","2017-07-01T00:00:00.000Z"
"PODAAC","GRACE_GAC_L2_GRAV_JPL_RL06","6.0","GRACE NON-TIDAL ATMOSPHERE AND OCEAN GEOPOTENTIAL COEFFICIENTS JPL RELEASE 6.0 GAC","2","GRACE","2002-04-04T00:00:00.000Z","2017-06-30T00:00:00.000Z"
"POCLOUD","GRACE_GAC_L2_GRAV_JPL_RL06","6.0","GRACE NON-TIDAL ATMOSPHERE AND OCEAN GEOPOTENTIAL COEFFICIENTS JPL RELEASE 6.0 GAC","2","GRACE","2002-04-04T00:00:00.000Z","2017-06-30T00:00:00.000Z"
"PODAAC","GRACE_GAD_L2_GRAV_CSR_RL06","6.0","GRACE OCEAN BOTTOM GEOPOTENTIAL COEFFICIENTS CSR RELEASE 6.0 GAD","2","GRACE","2002-04-05T00:00:00.000Z","2017-06-30T00:00:00.000Z"
"POCLOUD","GRACE_GAD_L2_GRAV_CSR_RL06","6.0","GRACE OCEAN BOTTOM GEOPOTENTIAL COEFFICIENTS CSR RELEASE 6.0 GAD","2","GRACE","2002-04-05T00:00:00.000Z","2017-06-30T00:00:00.000Z"
"PODAAC","GRACE_GAD_L2_GRAV_GFZ_RL06","6.0","GRACE OCEAN BOTTOM GEOPOTENTIAL COEFFICIENTS GFZ RELEASE 6.0 GAD","2","GRACE","2002-04-05T00:00:00.000Z","2017-07-01T00:00:00.000Z"
"POCLOUD","GRACE_GAD_L2_GRAV_GFZ_RL06","6.0","GRACE OCEAN BOTTOM GEOPOTENTIAL COEFFICIENTS GFZ RELEASE 6.0 GAD","2","GRACE","2002-04-05T00:00:00.000Z","2017-07-01T00:00:00.000Z"
"PODAAC","GRACE_GAD_L2_GRAV_JPL_RL06","6.0","GRACE OCEAN BOTTOM GEOPOTENTIAL COEFFICIENTS JPL RELEASE 6.0 GAD","2","GRACE","2002-04-04T00:00:00.000Z","2017-06-30T00:00:00.000Z"
"POCLOUD","GRACE_GAD_L2_GRAV_JPL_RL06","6.0","GRACE OCEAN BOTTOM GEOPOTENTIAL COEFFICIENTS JPL RELEASE 6.0 GAD","2","GRACE","2002-04-04T00:00:00.000Z","2017-06-30T00:00:00.000Z"
"PODAAC","GRACE_GSM_L2_GRAV_CSR_RL06","6.0","GRACE FIELD GEOPOTENTIAL COEFFICIENTS CSR RELEASE 6.0","2","GRACE","2002-04-05T00:00:00.000Z","2017-06-30T00:00:00.000Z"
"POCLOUD","GRACE_GSM_L2_GRAV_CSR_RL06","6.0","GRACE FIELD GEOPOTENTIAL COEFFICIENTS CSR RELEASE 6.0","2","GRACE","2002-04-05T00:00:00.000Z","2017-06-30T00:00:00.000Z"
"PODAAC","GRACE_GSM_L2_GRAV_GFZ_RL06","6.0","GRACE FIELD GEOPOTENTIAL COEFFICIENTS GFZ RELEASE 6.0","2","GRACE","2002-04-05T00:00:00.000Z","2017-07-01T00:00:00.000Z"
"POCLOUD","GRACE_GSM_L2_GRAV_GFZ_RL06","6.0","GRACE FIELD GEOPOTENTIAL COEFFICIENTS GFZ RELEASE 6.0","2","GRACE","2002-04-05T00:00:00.000Z","2017-07-01T00:00:00.000Z"
"PODAAC","GRACE_GSM_L2_GRAV_JPL_RL06","6.0","GRACE FIELD GEOPOTENTIAL COEFFICIENTS JPL RELEASE 6.0","2","GRACE","2002-04-04T00:00:00.000Z","2017-06-30T00:00:00.000Z"
"POCLOUD","GRACE_GSM_L2_GRAV_JPL_RL06","6.0","GRACE FIELD GEOPOTENTIAL COEFFICIENTS JPL RELEASE 6.0","2","GRACE","2002-04-04T00:00:00.000Z","2017-06-30T00:00:00.000Z"
"PODAAC","GRACE_L1B_GRAV_JPL_RL02","2","GRACE LEVEL 1B JPL RELEASE 2.0","1B","GRACE","2002-04-04T00:00:00.000Z","2017-06-30T00:00:00.000Z"
"POCLOUD","GRACE_L1B_GRAV_JPL_RL02","2","GRACE LEVEL 1B JPL RELEASE 2.0","1B","GRACE","2002-04-04T00:00:00.000Z","2017-06-30T00:00:00.000Z"
"PODAAC","GRACE_L1B_GRAV_JPL_RL03","3","GRACE LEVEL 1B JPL RELEASE 3.0","1B","GRACE","2002-04-01T00:00:00.000Z","2017-07-01T00:00:00.000Z"
"POCLOUD","GRACE_L1B_GRAV_JPL_RL03","3","GRACE LEVEL 1B JPL RELEASE 3.0","1B","GRACE","2002-04-01T00:00:00.000Z","2017-07-01T00:00:00.000Z"
"POCLOUD","GREENLAND_MASS_TELLUS_MASCON_CRI_TIME_SERIES_RL06.1_V3","RL06.1Mv03","Tellus Level-4 Greenland Mass Anomaly Time Series from JPL GRACE/GRACE-FO Mascon CRI Filtered Release 06.1 version 03","4","GRACE-FO, GRACE","2002-04-01T00:00:00.000Z",
"ORNL_CLOUD","Global_Salt_Marsh_Change_2122","1","Global Salt Marsh Change, 2000-2019","3","LANDSAT-5, LANDSAT-7, LANDSAT-8","2000-01-01T00:00:00.000Z","2019-12-31T23:59:59.000Z"
"LARC_ASDC","ICEVOLC_FlowerKahn2020","1","MISR Derived Case Study Data for Iceland Volcanic Eruptions (Eyjafjallajokull, Grimsvotn, Holuhraun) Including Geometric Plume Height and Qualitative Radiometric Particle Property Information","4","Terra","2010-04-15T00:00:00.000Z","2015-02-21T23:59:59.999Z"
"NSIDC_ECS","IGBGM1B","1","IceBridge BGM-3 Gravimeter L1B Time-Tagged Accelerations V001","Level 1B","BT-67","2008-12-31T00:00:00.000Z","2011-12-23T23:59:59.999Z"
"NSIDC_ECS","IGCMG2","1","IceBridge CMG GT-1A Gravimeter L2 Geolocated Free Air Gravity Disturbances V001","Level 2","BT-67","2012-11-22T00:00:00.000Z","2012-12-04T23:59:59.999Z"
"NSIDC_ECS","IGGRV1B","1","IceBridge Sander AIRGrav L1B Geolocated Free Air Gravity Anomalies V001","Level 1B","DC-8, P-3B","2009-10-16T00:00:00.000Z","2018-11-17T23:59:59.999Z"
"NSIDC_ECS","IGZLS1B","1","IceBridge ZLS Dynamic Gravity Meter Time-Registered L1B Vertical Accelerations V001","Level 1B","BT-67","2011-11-29T00:00:00.000Z","2011-12-21T23:59:59.999Z"
"NSIDC_ECS","IMFGM1B","1","IceBridge Watson-Gyro Fluxgate Magnetometer L1B Time-Tagged Magnetic Field V001","Level 1B","BT-67","2008-12-29T00:00:00.000Z","2013-01-14T23:59:59.999Z"
"LARC_ASDC","KILVOLC_FlowerKahn2021","1","MISR Derived Case Study Data for Kilauea Volcanic Eruptions Including Geometric Plume Height and Qualitative Radiometric Particle Property Information","4","Terra","2000-10-25T00:00:00.000Z","2018-08-01T23:59:59.999Z"
"ORNL_DAAC","LC07_LAKE_NUTRIENT_SEDIMENTS_1050","1","LBA-ECO LC-07 Lake Sediment Nutrient Data, Lago Calado, Brazil: 1982-1984","3","FIELD INVESTIGATION, LABORATORY","1982-02-01T00:00:00.000Z","1984-08-31T23:59:59.000Z"
"ORNL_DAAC","ND30_LITTER_PARA_1129","1","LBA-ECO ND-30 Nutrient Analysis and Gas Fluxes, Forest Chronosequences, Para, Brazil","3","LABORATORY, FIELD SURVEYS, FIELD INVESTIGATION","2000-10-01T00:00:00.000Z","2005-01-31T23:59:59.000Z"
"PODAAC","OMG_L1B_AIRGRAV","1","OMG Airborne Gravity (AirGRAV) Data from Airborne Bathymetry Surveys Version 1","1B","Aircraft","2016-03-20T15:03:08.000Z","2020-09-07T23:59:59.000Z"
"POCLOUD","OMG_L1B_AIRGRAV","1","OMG Airborne Gravity (AirGRAV) Data from Airborne Bathymetry Surveys Version 1","1B","Aircraft","2016-03-20T15:03:08.000Z","2020-09-07T23:59:59.000Z"
"NSIDC_ECS","RGGRV1B","1","IceBridge-Related Sander AIRGrav L1B Geolocated Free Air Gravity Anomalies V001","Level 1B","AS350-B2, AS350-B3, AS355-F2, CESSNA 206","2012-04-29T00:00:00.000Z","2016-12-31T23:59:59.999Z"
"ASF","SENTINEL-1A_DP_META_GRD_FULL","1","SENTINEL-1A_DUAL_POL_METADATA_GRD_FULL_RES",,"SENTINEL-1A","2014-04-03T00:00:00.000Z",
"ASF","SENTINEL-1_INSAR_UNWRAPPED_INTERFEROGRAM_AND_COHERENCE_MAP","1","Sentinel-1 Unwrapped Interferogram and Coherence Map (BETA)","2","SENTINEL-1A, SENTINEL-1B","2014-06-15T03:44:43.000Z",
"ASF","SENTINEL-1_INTERFEROGRAMS_AMPLITUDE","1","Sentinel-1 Interferograms - Amplitude (BETA)","2","SENTINEL-1A, SENTINEL-1B","2014-06-15T03:44:43.000Z",
"ASF","SENTINEL-1_INTERFEROGRAMS_COHERENCE","1","Sentinel-1 Interferograms - Coherence (BETA)","2","SENTINEL-1A, SENTINEL-1B","2014-06-15T03:44:43.000Z",
"ASF","SENTINEL-1_INTERFEROGRAMS_CONNECTED_COMPONENTS","1","Sentinel-1 Interferograms - Connected Components (BETA)","2","SENTINEL-1A, SENTINEL-1B","2014-06-15T03:44:43.000Z",
"ASF","SENTINEL-1_INTERFEROGRAMS_UNWRAPPED_PHASE","1","Sentinel-1 Interferograms - Unwrapped Phase (BETA)","2","SENTINEL-1A, SENTINEL-1B","2014-06-15T03:44:43.000Z",
"ASF","Sentinel-1_Burst_Map","1","Global Sentinel-1 Burst ID Map","4","Sentinel-1A, Sentinel-1B","2022-05-30T00:00:00.000Z","2022-05-30T00:00:00.000Z"
"PODAAC","TELLUS_GRAC_L3_CSR_RL06_LND_v04","RL06 v04","CSR TELLUS GRACE Level-3 Monthly Land Water-Equivalent-Thickness Surface Mass Anomaly Release 6.0 version 04 in netCDF/ASCII/GeoTIFF Formats","3","GRACE","2002-04-05T00:00:00.000Z","2017-10-18T20:00:00.000Z"
"PODAAC","TELLUS_GRAC_L3_CSR_RL06_OCN_v04","RL06 v04","CSR TELLUS GRACE Level-3 Monthly Ocean Bottom Pressure Anomaly Release 6.0 version 04 in netCDF/ASCII/GeoTIFF Formats","3","GRACE","2002-04-04T00:00:00.000Z","2017-10-25T00:00:00.000Z"
"PODAAC","TELLUS_GRAC_L3_GFZ_RL06_LND_v04","RL06 v04","GFZ TELLUS GRACE Level-3 Monthly Land Water-Equivalent-Thickness Surface Mass Anomaly Release 6.0 version 04 in netCDF/ASCII/GeoTIFF Formats","3","GRACE","2002-04-05T00:00:00.000Z","2017-10-18T00:00:00.000Z"
"PODAAC","TELLUS_GRAC_L3_GFZ_RL06_OCN_v04","RL06 v04","GFZ TELLUS GRACE Level-3 Monthly Ocean Bottom Pressure Anomaly Release 6.0 version 04 in netCDF/ASCII/GeoTIFF Formats","3","GRACE","2002-04-04T00:00:00.000Z","2017-10-25T00:00:00.000Z"
"PODAAC","TELLUS_GRAC_L3_JPL_RL06_LND_v04","RL06 v04","JPL TELLUS GRACE Level-3 Monthly Land Water-Equivalent-Thickness Surface Mass Anomaly Release 6.0 version 04 in netCDF/ASCII/GeoTIFF Formats","3","GRACE","2002-04-04T00:00:00.000Z","2017-10-18T00:00:00.000Z"
"PODAAC","TELLUS_GRAC_L3_JPL_RL06_OCN_v04","RL06 v04","JPL TELLUS GRACE Level-3 Monthly Ocean Bottom Pressure Anomaly Release 6.0 version 04 in netCDF/ASCII/GeoTIFF Formats","3","GRACE","2002-04-04T00:00:00.000Z","2017-10-25T00:00:00.000Z"
"POCLOUD","TELLUS_GRFO_L3_CSR_RL06.1_LND_v04","RL06.1v04","CSR TELLUS GRACE-FO Level-3 Monthly Land Water-Equivalent-Thickness Surface Mass Anomaly Release 6.1 version 04 in netCDF/ASCII/GeoTIFF Formats","3","GRACE-FO","2018-05-22T00:00:00.000Z",
"POCLOUD","TELLUS_GRFO_L3_CSR_RL06.1_OCN_v04","RL06.1v04","CSR TELLUS GRACE-FO Level-3 Monthly Ocean Bottom Pressure Anomaly Release 6.1 version 04 in netCDF/ASCII/GeoTIFF Formats","3","GRACE-FO","2018-05-22T00:00:00.000Z",
"POCLOUD","TELLUS_GRFO_L3_GFZ_RL06.1_LND_v04","RL06.1v04","GFZ TELLUS GRACE-FO Level-3 Monthly Land Water-Equivalent-Thickness Surface Mass Anomaly Release 6.1 version 04 in netCDF/ASCII/GeoTIFF Formats","3","GRACE-FO","2018-05-22T00:00:00.000Z",
"POCLOUD","TELLUS_GRFO_L3_GFZ_RL06.1_OCN_v04","RL06.1v04","GFZ TELLUS GRACE-FO Level-3 Monthly Ocean Bottom Pressure Anomaly Release 6.1 version 04 in netCDF/ASCII/GeoTIFF Formats","3","GRACE-FO","2018-05-22T00:00:00.000Z",
"POCLOUD","TELLUS_GRFO_L3_JPL_RL06.1_LND_v04","RL06.1v04","JPL TELLUS GRACE-FO Level-3 Monthly Land Water-Equivalent-Thickness Surface Mass Anomaly Release 6.1 version 04 in netCDF/ASCII/GeoTIFF Formats","3","GRACE-FO","2018-05-22T00:00:00.000Z",
"POCLOUD","TELLUS_GRFO_L3_JPL_RL06.1_OCN_v04","RL06.1v04","JPL TELLUS GRACE-FO Level-3 Monthly Ocean Bottom Pressure Anomaly Release 6.1 version 04 in netCDF/ASCII/GeoTIFF Formats","3","GRACE-FO","2018-05-22T00:00:00.000Z",
"LANCEMODIS","VJ103DNB_NRT","2.1","VIIRS/JPSS1 Day/Night Band Resolution Terrain Corrected Geolocation 6 Min L1 Swath 750m NRT","1B","NOAA-20","2022-01-01T00:00:00.000Z",
"LANCEMODIS","VJ103IMG_NRT","2.1","VIIRS/JPSS1 Imagery Resolution Terrain Corrected Geolocation 6 Min L1 Swath 375m NRT","1B","NOAA-20","2022-01-01T00:00:00.000Z",
"LANCEMODIS","VJ103MOD_NRT","2.1","VIIRS/JPSS1 Moderate Resolution Terrain Corrected Geolocation 6 Min L1 Swath 750m NRT","1B","NOAA-20","2022-01-01T00:00:00.000Z",
"GHRC_DAAC","aces1cont","1","ACES CONTINUOUS DATA V1","1B","ALTUS","2002-07-10T00:00:00.000Z","2002-08-30T23:59:59.000Z"
"GHRC_DAAC","aces1trig","1","ACES TRIGGERED DATA V1","1B","ALTUS","2002-07-10T00:00:00.000Z","2002-08-30T23:59:59.000Z"
"GHRC_DAAC","gpmradmecgcpex","1","GPM GROUND VALIDATION ENVIRONMENT CANADA (EC) RADIOMETER GCPEX V1","2","GROUND STATIONS","2012-02-14T12:52:19.000Z","2012-03-01T23:58:19.000Z"
"GHRC_DAAC","gpmsatpaifld","1","GPM Ground Validation Satellite Overpasses IFloodS V1","1A","METOP-A, DMSP 5D-3/F16, METOP-B, DMSP 5D-3/F18, TERRA, NOAA-16, NOAA-17, NOAA-18, SUOMI-NPP, NOAA-15, AQUA, CLOUDSAT, DMSP 5D-3/F17, DMSP 5D-3/F15","2013-04-01T00:21:15.000Z","2013-06-30T23:10:41.000Z"
"ORNL_DAAC","vemap2_monthly_rslts_767","1","VEMAP 2: Monthly Ecosystem Model Responses to U.S. Climate Change, 1994-2100","4","NOT APPLICABLE","1994-01-01T00:00:00.000Z","2100-12-31T23:59:59.000Z"
